"keyregion","2019Q4","2020Q1","2020Q4","2021Q1","change_Q1_rel","change_Q4_rel"
"Fenwei",49.8844298955085,48.387789616423,48.2922488543745,51.1378055481011,0.0568328488132603,-0.0319173947556202
"Jingjinji",43.0563040790303,43.0047033582559,42.9771048485143,46.0950416586838,0.0718604724391083,-0.00183943402040843
"none",34.3125599286833,33.1953501185657,34.6454793071499,35.8769010381174,0.0807809199172129,0.00970255146099808
"PRD",27.6465184149482,22.2307352678106,25.8817276087213,24.13988890724,0.0858790146358202,-0.0638341066943422
"YRD",36.2594798472904,33.8934101269233,34.1892361367918,34.3317948499278,0.0129342170458142,-0.0570952401749151
