"keyregion","2019Q4","2020Q1","2020Q4","2021Q1","change_Q1_rel","change_Q4_rel"
"Fenwei",63.438986906663,75.6758741027786,59.4608446800999,64.6440407324807,-0.145777415868565,-0.0627081613458939
"Jingjinji",53.9274490676786,65.1846409124531,50.6333764840133,59.1328889259497,-0.0928401522473866,-0.0610834118916185
"none",42.5875070439426,45.95922510103,41.0567640632339,45.9555663114375,-7.96094708838124e-05,-0.0359434746703817
"PRD",39.4635578183521,24.0748690564648,30.4572941204961,30.8602294463835,0.281844124427198,-0.228217226113043
"YRD",42.9676623402186,39.9236103514566,38.8505930907721,40.4909361750189,0.0142102835532161,-0.0958178552244127
