"keyregion","2018Q4","2019Q1","2019Q4","2020Q1","2020Q4","2021Q1","change_Q1_rel","change_Q4_rel"
"Fenwei",60.5593429492081,91.4464483124665,63.438986906663,75.6758741027786,59.4608446800999,64.704441780684,-0.144979261252983,-0.0627081613458939
"Jingjinji",61.5591177427703,70.4132934672399,53.9274490676786,65.1846409124531,50.6333764840133,60.2296065458163,-0.0760153664617357,-0.0610834118916185
"none",41.2308788861735,52.9206631111549,42.5875070439426,45.95922510103,41.0567640632339,46.2327858444757,0.00595224882152223,-0.0359434746703817
"PRD",33.902572788746,32.4754577066174,39.4635578183521,24.0748690564648,30.4572941204961,31.5093055674594,0.308804857611397,-0.228217226113043
"YRD",44.7873132142917,57.1381605079782,42.9676623402186,39.9236103514566,38.8505930907721,40.1778725579242,0.00636871776448156,-0.0958178552244127
