"keyregion","2019Q4","2020Q1","2020Q4","2021Q1","change_Q1_rel","change_Q4_rel"
"Fenwei",49.4135256461944,47.941255119388,48.1482102761162,50.1044126343545,0.0451210029770721,-0.025606660393715
"Jingjinji",43.0739370464158,42.9988047028831,43.1274558513423,46.6765362760223,0.0855310187934741,0.00124248695606433
"none",34.3297920216293,33.188252205452,34.7650069015026,36.1836818663484,0.0902557218847551,0.0126774691672782
"PRD",27.6562489728881,22.34858815154,25.877217132857,23.8325200874905,0.0663993593639245,-0.0643265773957674
"YRD",36.4688496094621,34.2970025151207,34.4128557060419,34.4021539350642,0.00306590699572618,-0.0563767139747307
