"keyregion","2019Q4","2020Q1","2020Q4","2021Q1","change_Q1_rel","change_Q4_rel"
"Fenwei",49.4592600015191,48.0532424749989,48.3071380129859,49.9865920995278,0.0402334894577563,-0.0232943636540011
"Jingjinji",43.0563040790303,43.0047033582559,42.9771048485143,46.0950416586838,0.0718604724391083,-0.00183943402040843
"none",34.2129048073593,33.0758482483493,34.5582033347266,35.8286287007955,0.0832262994973552,0.0100926398770167
"PRD",27.6465184149482,22.2307352678106,25.8817276087213,24.13988890724,0.0858790146358202,-0.0638341066943422
"YRD",36.2594798472904,33.8934101269233,34.1892361367918,34.3317948499278,0.0129342170458142,-0.0570952401749151
